<?xml version="1.0" encoding="UTF-8"?>
<project-private xmlns="http://www.netbeans.org/ns/project-private/1">
    <editor-bookmarks xmlns="http://www.netbeans.org/ns/editor-bookmarks/2" lastBookmarkId="0"/>
    <open-files xmlns="http://www.netbeans.org/ns/projectui-open-files/2">
        <group>
            <file>file:/C:/Users/Kaivalya/Documents/NetBeansProjects/MHRDFeedback/web/state_admin_pages/state_admin_home.jsp</file>
            <file>file:/C:/Users/Kaivalya/Documents/NetBeansProjects/MHRDFeedback/web/state_admin_pages/reports.jsp</file>
            <file>file:/C:/Users/Kaivalya/Documents/NetBeansProjects/MHRDFeedback/web/proccess_pages/validate_school.jsp</file>
            <file>file:/C:/Users/Kaivalya/Documents/NetBeansProjects/MHRDFeedback/web/state_admin_pages/view_suggestions.jsp</file>
            <file>file:/C:/Users/Kaivalya/Documents/NetBeansProjects/MHRDFeedback/web/hrd_admin_pages/manage_school_approvals.jsp</file>
            <file>file:/C:/Users/Kaivalya/Documents/NetBeansProjects/MHRDFeedback/web/feedback_pages/feedback_home.jsp</file>
            <file>file:/C:/Users/Kaivalya/Documents/NetBeansProjects/MHRDFeedback/web/hrd_admin_pages/hrd_admin_home.jsp</file>
            <file>file:/C:/Users/Kaivalya/Documents/NetBeansProjects/MHRDFeedback/web/scripts/common_stylesheet.css</file>
        </group>
    </open-files>
</project-private>
